{
  "name": "kaisyn:village/exclusives/tudor/streets",
  "fallback": "kaisyn:village/exclusives/tudor/terminators",
  "elements": [
    {
      "weight": 1,
      "element": {
        "element_type": "minecraft:legacy_single_pool_element",
        "projection": "terrain_matching",
        "location": "kaisyn:village/exclusives/tudor/streets/straight_1",
        "processors": "kaisyn:street_tudor"
      }
    },
    {
      "weight": 1,
      "element": {
        "element_type": "minecraft:legacy_single_pool_element",
        "projection": "terrain_matching",
        "location": "kaisyn:village/exclusives/tudor/streets/straight_2",
        "processors": "kaisyn:street_tudor"
      }
    },
    {
      "weight": 1,
      "element": {
        "element_type": "minecraft:legacy_single_pool_element",
        "projection": "terrain_matching",
        "location": "kaisyn:village/exclusives/tudor/streets/corner_1",
        "processors": "kaisyn:street_tudor"
      }
    },
    {
      "weight": 1,
      "element": {
        "element_type": "minecraft:legacy_single_pool_element",
        "projection": "terrain_matching",
        "location": "kaisyn:village/exclusives/tudor/streets/corner_2",
        "processors": "kaisyn:street_tudor"
      }
    },
    {
      "weight": 1,
      "element": {
        "element_type": "minecraft:legacy_single_pool_element",
        "projection": "terrain_matching",
        "location": "kaisyn:village/exclusives/tudor/streets/crossroad_1",
        "processors": "kaisyn:street_tudor"
      }
    },
    {
      "weight": 1,
      "element": {
        "element_type": "minecraft:legacy_single_pool_element",
        "projection": "terrain_matching",
        "location": "kaisyn:village/exclusives/tudor/streets/crossroad_2",
        "processors": "kaisyn:street_tudor"
      }
    }
  ]
}
