{
  "name": "kaisyn:village/sunflower_plains_farm/scarecrow",
  "fallback": "minecraft:empty",
  "elements": [
    {
      "weight": 1,
      "element": {
        "element_type": "minecraft:legacy_single_pool_element",
        "projection": "rigid",
        "location": "kaisyn:village/sunflower_plains_farm/feature/scarecrow/sc_1",
        "processors": "minecraft:empty"
      }
    },
    {
      "weight": 1,
      "element": {
        "element_type": "minecraft:legacy_single_pool_element",
        "projection": "rigid",
        "location": "kaisyn:village/sunflower_plains_farm/feature/scarecrow/sc_2",
        "processors": "minecraft:empty"
      }
    }
  ]
}
