{
  "processors": [
    {
      "processor_type": "minecraft:rule",
      "rules": [
        {
          "position_predicate": {
            "predicate_type": "minecraft:axis_aligned_linear_pos",
            "axis": "y",
            "min_dist": 1,
            "max_dist": 6,
            "min_chance": 1,
            "max_chance": 1
          },
          "location_predicate": {
            "predicate_type": "minecraft:block_match",
            "block": "minecraft:smooth_sandstone"
          },
          "input_predicate": {
            "predicate_type": "minecraft:block_match",
            "block": "minecraft:water"
          },
          "output_state": {
            "Name": "minecraft:smooth_sandstone"
          }
        }
      ]
    }
  ]
}
