{
  "processors": [
    {
      "processor_type": "minecraft:rule",
      "rules": [
        {
          "location_predicate": {
            "predicate_type": "minecraft:block_match",
            "block": "minecraft:water"
          },
          "input_predicate": {
            "predicate_type": "minecraft:block_match",
            "block": "minecraft:soul_soil"
          },
          "output_state": {
            "Name": "minecraft:dark_oak_planks"
          }
        },
        {
          "location_predicate": {
            "predicate_type": "minecraft:block_match",
            "block": "minecraft:soul_sand"
          },
          "input_predicate": {
            "predicate_type": "minecraft:block_match",
            "block": "minecraft:soul_soil"
          },
          "output_state": {
            "Name": "minecraft:dark_oak_planks"
          }
        },
        {
          "location_predicate": {
            "predicate_type": "minecraft:always_true"
          },
          "input_predicate": {
            "predicate_type": "minecraft:random_block_match",
            "block": "minecraft:soul_soil",
            "probability": 0.17
          },
          "output_state": {
            "Name": "minecraft:coarse_dirt"
          }
        },
        {
          "location_predicate": {
            "predicate_type": "minecraft:always_true"
          },
          "input_predicate": {
            "predicate_type": "minecraft:random_block_match",
            "block": "minecraft:soul_soil",
            "probability": 0.17
          },
          "output_state": {
            "Name": "minecraft:rooted_dirt"
          }
        },
        {
          "location_predicate": {
            "predicate_type": "minecraft:always_true",
            "block": "minecraft:water"
          },
          "input_predicate": {
            "predicate_type": "minecraft:random_block_match",
            "block": "minecraft:soul_soil",
            "probability": 0.1
          },
          "output_state": {
            "Name": "minecraft:dark_oak_slab",
            "Properties": {
              "type": "bottom",
              "waterlogged": "false"
            }
		  }
        },
        {
          "location_predicate": {
            "predicate_type": "minecraft:always_true"
          },
          "input_predicate": {
            "predicate_type": "minecraft:random_block_match",
            "block": "minecraft:soul_soil",
            "probability": 0.1
          },
          "output_state": {
            "Name": "minecraft:dark_oak_slab",
            "Properties": {
              "type": "bottom",
              "waterlogged": "true"
            }
          }
        },
        {
          "location_predicate": {
            "predicate_type": "minecraft:always_true"
          },
          "input_predicate": {
            "predicate_type": "minecraft:block_match",
            "block": "minecraft:soul_soil"
          },
          "output_state": {
            "Name": "minecraft:packed_mud"
          }
        }
      ]
    }
  ]
}
