{
  "name": "kaisyn:village/birch_forest_romanian/terminators",
  "fallback": "minecraft:empty",
  "elements": [
    {
      "weight": 1,
      "element": {
        "location": "kaisyn:village/birch_forest_romanian/terminators/terminator_01",
        "processors": "kaisyn:street_romanian",
        "projection": "terrain_matching",
        "element_type": "minecraft:legacy_single_pool_element"
      }
    },
    {
      "weight": 1,
      "element": {
        "location": "kaisyn:village/birch_forest_romanian/terminators/terminator_02",
        "processors": "kaisyn:street_romanian",
        "projection": "terrain_matching",
        "element_type": "minecraft:legacy_single_pool_element"
      }
    },
    {
      "weight": 1,
      "element": {
        "location": "kaisyn:village/birch_forest_romanian/terminators/terminator_03",
        "processors": "kaisyn:street_romanian",
        "projection": "terrain_matching",
        "element_type": "minecraft:legacy_single_pool_element"
      }
    },
    {
      "weight": 1,
      "element": {
        "location": "kaisyn:village/birch_forest_romanian/terminators/terminator_04",
        "processors": "kaisyn:street_romanian",
        "projection": "terrain_matching",
        "element_type": "minecraft:legacy_single_pool_element"
      }
    }
  ]
}
