{
  "name": "kaisyn:village/swamp_poor/streets",
  "fallback": "kaisyn:village/swamp_poor/terminators",
  "elements": [
    {
      "weight": 1,
      "element": {
        "element_type": "minecraft:legacy_single_pool_element",
        "projection": "terrain_matching",
        "location": "kaisyn:village/swamp_poor/streets/corner_01",
        "processors": "kaisyn:street_swamp"
      }
    },
    {
      "weight": 1,
      "element": {
        "element_type": "minecraft:legacy_single_pool_element",
        "projection": "terrain_matching",
        "location": "kaisyn:village/swamp_poor/streets/straight_01",
        "processors": "kaisyn:street_swamp"
      }
    },
    {
      "weight": 1,
      "element": {
        "element_type": "minecraft:legacy_single_pool_element",
        "projection": "terrain_matching",
        "location": "kaisyn:village/swamp_poor/streets/straight_02",
        "processors": "kaisyn:street_swamp"
      }
    },
    {
      "weight": 1,
      "element": {
        "element_type": "minecraft:legacy_single_pool_element",
        "projection": "rigid",
        "location": "kaisyn:village/swamp_poor/streets/crossroad_01",
        "processors": "kaisyn:street_swamp"
      }
    },
    {
      "weight": 1,
      "element": {
        "element_type": "minecraft:legacy_single_pool_element",
        "projection": "terrain_matching",
        "location": "kaisyn:village/swamp_poor/streets/crossroad_02",
        "processors": "kaisyn:street_swamp"
      }
    },
    {
      "weight": 1,
      "element": {
        "element_type": "minecraft:legacy_single_pool_element",
        "projection": "terrain_matching",
        "location": "kaisyn:village/swamp_poor/streets/turn_01",
        "processors": "kaisyn:street_swamp"
      }
    }
  ]
}
