{
  "structures": [
    {
      "structure": "towns_and_towers:village_badlands",
      "weight": 1
    },
    {
      "structure": "towns_and_towers:village_beach",
      "weight": 1
    },
    {
      "structure": "towns_and_towers:village_birch_forest",
      "weight": 1
    },
    {
      "structure": "towns_and_towers:village_flower_forest",
      "weight": 1
    },
    {
      "structure": "towns_and_towers:village_forest",
      "weight": 1
    },
    {
      "structure": "towns_and_towers:village_grove_snowy_slopes",
      "weight": 1
    },
    {
      "structure": "towns_and_towers:village_jungle",
      "weight": 1
    },
    {
      "structure": "towns_and_towers:village_meadow",
      "weight": 1
    },
    {
      "structure": "towns_and_towers:village_mushroom_fields",
      "weight": 1
    },
    {
      "structure": "towns_and_towers:village_ocean",
      "weight": 1
    },
    {
      "structure": "towns_and_towers:village_old_growth_taiga",
      "weight": 1
    },
    {
      "structure": "towns_and_towers:village_sunflower_plains",
      "weight": 1
    },
    {
      "structure": "towns_and_towers:village_sparse_jungle",
      "weight": 1
    },
    {
      "structure": "towns_and_towers:village_swamp",
      "weight": 1
    },
    {
      "structure": "towns_and_towers:village_wooded_badlands",
      "weight": 1
    },
    {
      "structure": "towns_and_towers:exclusives/village_mediterranean",
      "weight": 1
    },
    {
      "structure": "towns_and_towers:exclusives/village_swedish",
      "weight": 1
    },
    {
      "structure": "towns_and_towers:exclusives/village_tudor",
      "weight": 1
    },
    {
      "structure": "towns_and_towers:exclusives/village_wandering_trader_camp",
      "weight": 1
    },
    {
      "structure": "towns_and_towers:exclusives/village_classic",
      "weight": 1
    },
    {
      "structure": "towns_and_towers:exclusives/village_nilotic",
      "weight": 1
    }
  ],
  "placement": {
    "salt": 10587309,
    "spacing": 34,
    "separation": 10,
    "type": "minecraft:random_spread",
    "exclusion_zone": {
      "chunk_count": 5,
      "other_set": "minecraft:villages"
    }
  }
}